x,c_err,q_err
7.749894e+05,0.000000e+00,1.016441e-03
7.498713e+05,0.000000e+00,1.310429e-03
2.250977e+05,0.000000e+00,3.766864e-05
2.174012e+05,0.000000e+00,3.137393e-05
9.478714e+04,0.000000e+00,1.170938e-03
6.091794e+05,0.000000e+00,1.372654e-03
4.911734e+05,0.000000e+00,8.419906e-04
7.154227e+05,0.000000e+00,1.614074e-03
6.347234e+04,1.173174e-07,1.676935e-03
8.983209e+04,0.000000e+00,7.799060e-04
8.075234e+05,0.000000e+00,6.042475e-04
8.890804e+05,0.000000e+00,2.744231e-06
5.021095e+05,0.000000e+00,6.346074e-04
4.098768e+05,0.000000e+00,1.553002e-03
6.667129e+04,6.011870e-08,1.320567e-03
2.414215e+05,0.000000e+00,1.277053e-03
3.428331e+05,6.816344e-08,4.337240e-04
9.313756e+05,0.000000e+00,3.762597e-04
6.352484e+05,0.000000e+00,1.607515e-03
4.559719e+05,0.000000e+00,1.410897e-03
9.310026e+05,0.000000e+00,3.698940e-04
7.025291e+04,6.171238e-08,4.964144e-04
4.323167e+05,7.654400e-08,1.591350e-03
3.279347e+04,8.432644e-08,2.546659e-04
7.511439e+05,0.000000e+00,1.296709e-03
9.379312e+05,0.000000e+00,5.014878e-04
8.970411e+05,0.000000e+00,2.282373e-05
6.474292e+05,0.000000e+00,1.680181e-03
6.445746e+05,0.000000e+00,1.665444e-03
8.288277e+05,0.000000e+00,3.533523e-04
3.345024e+05,0.000000e+00,2.745725e-04
4.195640e+05,0.000000e+00,1.595829e-03
5.786990e+05,8.855978e-08,9.909839e-04
5.596001e+05,0.000000e+00,7.202895e-04
6.369651e+05,9.291117e-08,1.619256e-03
6.734862e+05,0.000000e+00,1.749199e-03
1.687795e+05,0.000000e+00,1.749499e-03
1.281386e+05,8.334510e-08,4.426458e-04
3.889088e+05,0.000000e+00,1.328935e-03
2.322519e+05,0.000000e+00,3.361720e-04
2.179706e+05,0.000000e+00,2.293621e-05
1.964322e+05,0.000000e+00,8.809510e-04
1.213323e+05,8.110142e-08,9.509952e-04
7.200801e+05,9.878717e-08,1.581978e-03
6.063089e+05,0.000000e+00,1.340952e-03
1.880036e+05,0.000000e+00,1.287163e-03
9.615017e+05,0.000000e+00,1.132506e-03
9.491421e+05,0.000000e+00,7.644264e-04
1.193792e+05,0.000000e+00,1.090928e-03
5.967500e+05,8.993036e-08,1.228179e-03
4.051139e+05,0.000000e+00,1.517352e-03
5.038173e+04,1.045217e-07,6.219044e-04
6.670030e+05,0.000000e+00,1.743326e-03
8.374306e+05,0.000000e+00,2.637760e-04
8.317520e+04,0.000000e+00,2.429437e-04
4.181468e+05,0.000000e+00,1.592078e-03
7.753619e+05,0.000000e+00,1.011765e-03
9.802162e+05,0.000000e+00,1.744084e-03
6.557598e+04,5.962282e-08,1.678681e-03
4.199365e+05,0.000000e+00,1.596689e-03
8.090439e+05,1.047119e-07,5.853398e-04
4.000784e+05,0.000000e+00,1.469676e-03
8.395005e+05,0.000000e+00,2.436221e-04
3.877429e+05,7.249067e-08,1.311574e-03
9.596785e+05,0.000000e+00,1.072927e-03
4.764657e+05,0.000000e+00,1.108932e-03
6.122909e+04,0.000000e+00,1.745783e-03
1.284580e+05,0.000000e+00,4.201654e-04
6.046042e+05,0.000000e+00,1.321596e-03
4.501379e+05,0.000000e+00,1.474480e-03
3.607099e+05,6.991803e-08,8.090914e-04
8.225749e+05,1.055839e-07,4.232860e-04
6.465701e+05,0.000000e+00,1.675883e-03
4.820422e+05,0.000000e+00,1.010975e-03
5.426551e+05,0.000000e+00,4.818713e-04
2.528790e+05,0.000000e+00,1.680152e-03
6.700459e+05,0.000000e+00,1.746917e-03
5.041567e+05,8.265952e-08,5.961405e-04
2.020211e+05,0.000000e+00,5.972366e-04
7.894250e+05,0.000000e+00,8.338892e-04
1.009067e+05,7.396055e-08,1.504432e-03
6.071350e+05,0.000000e+00,1.350211e-03
8.398068e+05,0.000000e+00,2.406794e-04
7.679096e+05,0.000000e+00,1.103295e-03
4.445656e+05,7.762079e-08,1.524084e-03
9.229820e+05,0.000000e+00,2.453824e-04
1.860565e+05,1.004298e-07,1.369662e-03
2.199275e+05,0.000000e+00,3.712434e-06
9.031982e+05,0.000000e+00,5.299528e-05
2.516325e+05,0.000000e+00,1.685583e-03
6.398639e+05,0.000000e+00,1.638022e-03
7.122422e+05,0.000000e+00,1.634258e-03
6.517109e+05,0.000000e+00,1.699731e-03
4.793645e+05,8.060150e-08,1.058620e-03
9.998513e+04,0.000000e+00,1.468244e-03
6.113894e+05,0.000000e+00,1.396351e-03
9.558302e+05,1.138153e-07,9.530890e-04
1.612142e+05,9.348498e-08,1.666931e-03
7.398474e+05,1.001339e-07,1.413290e-03
5.604344e+05,0.000000e+00,7.322429e-04
6.113521e+05,0.000000e+00,1.396035e-03
1.005573e+05,0.000000e+00,1.491341e-03
3.830092e+05,0.000000e+00,1.236900e-03
2.579222e+05,0.000000e+00,1.675420e-03
5.825996e+05,0.000000e+00,1.044345e-03
9.256643e+05,0.000000e+00,2.837083e-04
5.108012e+05,0.000000e+00,4.740044e-04
2.526454e+05,0.000000e+00,1.680897e-03
4.298210e+05,7.632274e-08,1.597664e-03
7.128224e+05,0.000000e+00,1.630796e-03
4.207043e+04,0.000000e+00,1.749019e-03
5.307277e+05,8.480979e-08,3.263481e-04
3.199574e+05,6.585007e-08,6.440136e-05
8.818772e+05,0.000000e+00,1.202560e-06
2.986373e+05,6.361832e-08,5.153084e-05
7.645230e+05,0.000000e+00,1.144019e-03
8.048592e+05,0.000000e+00,6.375065e-04
4.846938e+05,0.000000e+00,9.627726e-04
9.844504e+05,1.155067e-07,1.731329e-03
7.080574e+05,0.000000e+00,1.658544e-03
7.363263e+05,0.000000e+00,1.446784e-03
6.243145e+05,0.000000e+00,1.521414e-03
4.202996e+05,0.000000e+00,1.597530e-03
3.880372e+05,0.000000e+00,1.316132e-03
1.036790e+05,0.000000e+00,1.579386e-03
5.202847e+05,8.397127e-08,3.118693e-04
9.994266e+05,0.000000e+00,1.696383e-03
5.950914e+04,0.000000e+00,8.461745e-04
6.814989e+05,0.000000e+00,1.746311e-03
7.392740e+05,0.000000e+00,1.418848e-03
6.199435e+05,0.000000e+00,1.481889e-03
2.928511e+05,0.000000e+00,1.410547e-04
8.398314e+05,0.000000e+00,2.404696e-04
2.952764e+03,0.000000e+00,1.243931e-03
5.507733e+05,0.000000e+00,5.944949e-04
4.224309e+05,0.000000e+00,1.600894e-03
9.286171e+05,1.121834e-07,3.297069e-04
6.157461e+04,0.000000e+00,1.729094e-03
6.750763e+05,9.565036e-08,1.749445e-03
3.584380e+05,6.969749e-08,7.610269e-04
7.743969e+05,0.000000e+00,1.023838e-03
7.171468e+05,9.858576e-08,1.602610e-03
8.891656e+05,1.097745e-07,2.854137e-06
9.435436e+04,7.151895e-08,1.139941e-03
5.990239e+05,0.000000e+00,1.255925e-03
1.878030e+05,0.000000e+00,1.295960e-03
8.588774e+05,1.078886e-07,8.706614e-05
4.038831e+05,0.000000e+00,1.506611e-03
6.724969e+05,0.000000e+00,1.748773e-03
8.433278e+05,0.000000e+00,2.079352e-04
1.119405e+05,7.789935e-08,1.497070e-03
4.088231e+05,7.443511e-08,1.545943e-03
4.676423e+05,0.000000e+00,1.251945e-03
5.322401e+05,0.000000e+00,3.451578e-04
7.968603e+05,0.000000e+00,7.387709e-04
5.713212e+05,8.799344e-08,8.876779e-04
5.252488e+04,0.000000e+00,2.350011e-04
7.962869e+05,0.000000e+00,7.460885e-04
6.308304e+05,0.000000e+00,1.575009e-03
7.340238e+05,9.973905e-08,1.467959e-03
5.355610e+05,8.519510e-08,3.873821e-04
2.507739e+05,0.000000e+00,1.690400e-03
2.687492e+04,0.000000e+00,1.597307e-03
3.753923e+05,0.000000e+00,1.102855e-03
2.537267e+05,0.000000e+00,1.677336e-03
5.776482e+05,8.847935e-08,9.763695e-04
7.978232e+05,0.000000e+00,7.265311e-04
1.823437e+05,0.000000e+00,1.508839e-03
6.392229e+05,0.000000e+00,1.633851e-03
4.728996e+05,0.000000e+00,1.168740e-03
5.407818e+05,0.000000e+00,4.564690e-04
4.136198e+05,0.000000e+00,1.574302e-03
1.900463e+05,0.000000e+00,1.194970e-03
4.299474e+05,0.000000e+00,1.597364e-03
5.079742e+05,0.000000e+00,5.252950e-04
7.890702e+05,0.000000e+00,8.383553e-04
6.177504e+05,0.000000e+00,1.460874e-03
3.668515e+05,7.051075e-08,9.361007e-04
1.929534e+05,0.000000e+00,1.055777e-03
2.902472e+05,6.271829e-08,1.980016e-04
2.101794e+05,0.000000e+00,2.320570e-04
3.048939e+05,6.428128e-08,5.656752e-06
6.990703e+05,0.000000e+00,1.701227e-03
6.778217e+05,0.000000e+00,1.749069e-03
8.371341e+05,1.065142e-07,2.667116e-04
4.959307e+05,0.000000e+00,7.518606e-04
2.491429e+05,0.000000e+00,1.701745e-03
8.896589e+05,1.098049e-07,3.513758e-06
2.922177e+05,0.000000e+00,1.538658e-04
8.799734e+05,1.092056e-07,3.276168e-06
6.236828e+05,0.000000e+00,1.515955e-03
8.277786e+05,0.000000e+00,3.647795e-04
1.307473e+05,8.418922e-08,2.694897e-04
6.505577e+05,9.389728e-08,1.694846e-03
2.031710e+05,1.049472e-07,5.406882e-04
3.844740e+05,7.218445e-08,1.260774e-03
2.282060e+05,0.000000e+00,1.273530e-04
9.942856e+02,0.000000e+00,1.675431e-03
5.668177e+05,8.764594e-08,8.236089e-04
8.674288e+05,0.000000e+00,4.055073e-05
4.738938e+05,0.000000e+00,1.152417e-03
1.075994e+05,0.000000e+00,1.596444e-03
2.810487e+05,6.171644e-08,4.949659e-04
6.639402e+05,0.000000e+00,1.737801e-03
5.375468e+05,0.000000e+00,4.133641e-04
7.890228e+05,1.034082e-07,8.388472e-04
4.530104e+05,0.000000e+00,1.444623e-03
1.552972e+05,0.000000e+00,1.493378e-03
1.558744e+05,0.000000e+00,1.514167e-03
6.459639e+05,0.000000e+00,1.672852e-03
4.455444e+05,7.770620e-08,1.516203e-03
3.660537e+05,0.000000e+00,9.198685e-04
9.508578e+05,0.000000e+00,8.105244e-04
1.446148e+05,0.000000e+00,9.875909e-04
4.387540e+04,0.000000e+00,1.688702e-03
7.879918e+05,1.033406e-07,8.520433e-04
6.405454e+05,0.000000e+00,1.642155e-03
2.930183e+05,0.000000e+00,1.377551e-04
6.776508e+05,9.583257e-08,1.749040e-03
9.327631e+05,0.000000e+00,4.011628e-04
1.729917e+05,0.000000e+00,1.725681e-03
3.013336e+05,6.390486e-08,2.575366e-05
7.605418e+05,1.015247e-07,1.190783e-03
3.037390e+05,0.000000e+00,1.052214e-05
9.518913e+05,0.000000e+00,8.390193e-04
9.637128e+05,0.000000e+00,1.207635e-03
6.882130e+05,0.000000e+00,1.735287e-03
1.800972e+05,0.000000e+00,1.579748e-03
9.647071e+05,0.000000e+00,1.242332e-03
2.550307e+05,0.000000e+00,1.674703e-03
4.752606e+04,0.000000e+00,1.192310e-03
4.386009e+05,0.000000e+00,1.564325e-03
3.626301e+05,7.010388e-08,8.492384e-04
3.285747e+05,0.000000e+00,1.757693e-04
1.025411e+05,0.000000e+00,1.554814e-03
9.001769e+05,0.000000e+00,3.644920e-05
1.175975e+05,7.984345e-08,1.209229e-03
5.555515e+05,0.000000e+00,6.624063e-04
5.547416e+04,0.000000e+00,1.096770e-06
2.734719e+05,6.087885e-08,8.687413e-04
2.015154e+05,0.000000e+00,6.225137e-04
5.010186e+05,0.000000e+00,6.552596e-04
6.395256e+05,0.000000e+00,1.635913e-03
1.523731e+05,0.000000e+00,1.376006e-03
6.456333e+05,0.000000e+00,1.671021e-03
6.834011e+05,0.000000e+00,1.743934e-03
9.403649e+05,1.128907e-07,5.531646e-04
2.861788e+05,0.000000e+00,3.100157e-04
9.764194e+05,0.000000e+00,1.696415e-03
6.180157e+05,9.151871e-08,1.463384e-03
2.189419e+05,0.000000e+00,1.133021e-05
1.494111e+05,0.000000e+00,1.239179e-03
9.193493e+05,0.000000e+00,1.982409e-04
9.794837e+05,0.000000e+00,1.746313e-03
4.531501e+05,0.000000e+00,1.443043e-03
8.712406e+05,1.086624e-07,2.520967e-05
9.431965e+05,0.000000e+00,6.168586e-04
1.413631e+05,0.000000e+00,8.041454e-04
5.133782e+04,0.000000e+00,4.368066e-04
9.079036e+05,0.000000e+00,8.496865e-05
3.963938e+05,0.000000e+00,1.428444e-03
9.886388e+04,0.000000e+00,1.417015e-03
3.465045e+05,0.000000e+00,5.088163e-04
7.590239e+05,1.014233e-07,1.208459e-03
4.274386e+05,0.000000e+00,1.601222e-03
4.490456e+05,0.000000e+00,1.485094e-03
6.592009e+05,0.000000e+00,1.726200e-03
5.450361e+05,0.000000e+00,5.144693e-04
4.597172e+03,6.314595e-08,1.154308e-04
7.146750e+05,0.000000e+00,1.619037e-03
8.185080e+05,0.000000e+00,4.706867e-04
2.061125e+05,0.000000e+00,4.019932e-04
2.156936e+05,0.000000e+00,6.390668e-05
4.580336e+05,0.000000e+00,1.385719e-03
3.584857e+05,6.970213e-08,7.619837e-04
8.613269e+05,0.000000e+00,7.217231e-05
1.414347e+05,0.000000e+00,8.082017e-04
2.988506e+05,0.000000e+00,4.925816e-05
1.475057e+05,0.000000e+00,1.142992e-03
1.178540e+05,0.000000e+00,1.192882e-03
9.168664e+05,0.000000e+00,1.692135e-04
3.664476e+05,0.000000e+00,9.279742e-04
2.672652e+05,0.000000e+00,1.277226e-03
8.362156e+05,0.000000e+00,2.758270e-04
3.459312e+05,0.000000e+00,4.969606e-04
7.204152e+05,0.000000e+00,1.579579e-03
7.074562e+05,9.791741e-08,1.661756e-03
2.891277e+05,6.259722e-08,2.260385e-04
8.617783e+05,0.000000e+00,6.959752e-05
7.587940e+05,0.000000e+00,1.211115e-03
1.970313e+05,0.000000e+00,8.503584e-04
2.581720e+05,0.000000e+00,1.675876e-03
8.576579e+05,1.078120e-07,9.498240e-05
5.435358e+05,0.000000e+00,4.938489e-04
1.719591e+04,6.106365e-08,7.756915e-04
2.850965e+05,0.000000e+00,3.447976e-04
9.925814e+05,0.000000e+00,1.710281e-03
6.763968e+05,0.000000e+00,1.749432e-03
8.301326e+05,0.000000e+00,3.392051e-04
9.971786e+05,1.162510e-07,1.700636e-03
3.910718e+05,0.000000e+00,1.359707e-03
6.486406e+05,9.375883e-08,1.686159e-03
2.032911e+05,0.000000e+00,5.347592e-04
6.067652e+05,0.000000e+00,1.346082e-03
1.066742e+05,0.000000e+00,1.601809e-03
5.617768e+05,0.000000e+00,7.513558e-04
4.680922e+05,7.964818e-08,1.245060e-03
2.481089e+05,0.000000e+00,1.710619e-03
8.606274e+05,0.000000e+00,7.646294e-05
6.155979e+05,0.000000e+00,1.439694e-03
3.659629e+05,7.042530e-08,9.180642e-04
7.774937e+05,1.026499e-07,9.851311e-04
9.820454e+05,0.000000e+00,1.738327e-03
6.332281e+05,0.000000e+00,1.593007e-03
6.137093e+05,0.000000e+00,1.420611e-03
3.279767e+05,6.667018e-08,1.666754e-04
3.536433e+05,0.000000e+00,6.592058e-04
3.211656e+05,0.000000e+00,7.718990e-05
6.171044e+05,0.000000e+00,1.454623e-03
2.154216e+05,1.080649e-07,7.013413e-05
7.995957e+04,0.000000e+00,6.313846e-05
8.141356e+05,1.050409e-07,5.229987e-04
4.735936e+05,0.000000e+00,1.157339e-03
9.376175e+05,0.000000e+00,4.948659e-04
3.576714e+05,0.000000e+00,7.448260e-04
4.907895e+05,0.000000e+00,8.493278e-04
2.227140e+05,0.000000e+00,5.493939e-06
3.502528e+05,0.000000e+00,5.872789e-04
1.671863e+05,0.000000e+00,1.745601e-03
5.284653e+04,0.000000e+00,1.881903e-04
3.474313e+05,0.000000e+00,5.280921e-04
5.582580e+05,8.698165e-08,7.009851e-04
7.014871e+05,0.000000e+00,1.691002e-03
5.507224e+05,0.000000e+00,5.938627e-04
1.650233e+05,0.000000e+00,1.728787e-03
8.081613e+05,0.000000e+00,5.963231e-04
1.124992e+05,7.809349e-08,1.475889e-03
6.331155e+05,0.000000e+00,1.592124e-03
5.627020e+04,1.104611e-07,3.722539e-05
9.731266e+05,0.000000e+00,1.560107e-03
2.487133e+05,0.000000e+00,1.705386e-03
4.222331e+05,0.000000e+00,1.600671e-03
7.506203e+05,0.000000e+00,1.302409e-03
2.307588e+05,0.000000e+00,2.460605e-04
5.546118e+04,0.000000e+00,9.869774e-07
3.643297e+05,0.000000e+00,8.844630e-04
5.587354e+05,0.000000e+00,7.078982e-04
4.091045e+05,0.000000e+00,1.547890e-03
6.854952e+05,0.000000e+00,1.740628e-03
1.758398e+05,9.763346e-08,1.682517e-03
6.245260e+05,0.000000e+00,1.523235e-03
7.654548e+05,0.000000e+00,1.132901e-03
9.899754e+05,1.158303e-07,1.716374e-03
9.811966e+04,0.000000e+00,1.378925e-03
7.030722e+05,0.000000e+00,1.683736e-03
3.476468e+05,6.864031e-08,5.325802e-04
5.889092e+05,0.000000e+00,1.128513e-03
9.257862e+05,1.120122e-07,2.857432e-04
6.978996e+05,0.000000e+00,1.705832e-03
7.560955e+05,0.000000e+00,1.241758e-03
9.786328e+05,0.000000e+00,1.749239e-03
4.533089e+04,0.000000e+00,1.542386e-03
3.143535e+05,6.527085e-08,1.886327e-05
6.801198e+05,0.000000e+00,1.747615e-03
5.960533e+05,8.987786e-08,1.219463e-03
4.793768e+05,0.000000e+00,1.058392e-03
4.882812e+05,0.000000e+00,8.963700e-04
7.085525e+05,9.799324e-08,1.655792e-03
1.124923e+05,0.000000e+00,1.476156e-03
5.445514e+05,8.590720e-08,5.077975e-04
6.816791e+05,0.000000e+00,1.746061e-03
3.612056e+05,0.000000e+00,8.194424e-04
9.667845e+05,0.000000e+00,1.316698e-03
4.322994e+05,7.654246e-08,1.591471e-03
5.919644e+05,0.000000e+00,1.167980e-03
2.224568e+04,0.000000e+00,7.078683e-04
7.966290e+05,0.000000e+00,7.417808e-04
1.506998e+05,0.000000e+00,1.300731e-03
4.313502e+05,0.000000e+00,1.594157e-03
4.821242e+05,0.000000e+00,1.009525e-03
3.265396e+05,0.000000e+00,1.457540e-04
5.587619e+04,0.000000e+00,1.276855e-05
2.475790e+05,1.158503e-07,1.715742e-03
3.165150e+05,0.000000e+00,3.353337e-05
1.539959e+05,0.000000e+00,1.443525e-03
9.506512e+05,1.135065e-07,8.049881e-04
6.641618e+05,0.000000e+00,1.738281e-03
7.429050e+05,0.000000e+00,1.383095e-03
8.764374e+05,0.000000e+00,9.808738e-06
3.620614e+05,7.004889e-08,8.372944e-04
4.990005e+05,0.000000e+00,6.934118e-04
8.550702e+05,0.000000e+00,1.127088e-04
4.073922e+05,0.000000e+00,1.535582e-03
8.133539e+05,0.000000e+00,5.325117e-04
5.351900e+05,0.000000e+00,3.826490e-04
3.445562e+03,0.000000e+00,1.093352e-06
2.927308e+05,0.000000e+00,1.435452e-04
2.347117e+04,0.000000e+00,1.105496e-03
7.119981e+05,9.823122e-08,1.635844e-03
4.052230e+05,0.000000e+00,1.518297e-03
5.680226e+05,0.000000e+00,8.408034e-04
3.936771e+05,0.000000e+00,1.394615e-03
7.664286e+05,0.000000e+00,1.121289e-03
5.348070e+05,0.000000e+00,3.777445e-04
8.259765e+05,1.058020e-07,3.848020e-04
3.583930e+05,0.000000e+00,7.600732e-04
5.570528e+05,0.000000e+00,6.838062e-04
6.226055e+05,9.185793e-08,1.506194e-03
5.090929e+05,0.000000e+00,5.047750e-04
9.884029e+05,0.000000e+00,1.720450e-03
1.047297e+05,0.000000e+00,1.594225e-03
8.356324e+05,0.000000e+00,2.816902e-04
4.427908e+04,0.000000e+00,1.656278e-03
3.523087e+05,6.909901e-08,6.308049e-04
1.521474e+05,0.000000e+00,1.366177e-03
1.982749e+05,0.000000e+00,7.867896e-04
3.029599e+05,0.000000e+00,1.460958e-05
8.163092e+05,1.051811e-07,4.967701e-04
9.411800e+05,0.000000e+00,5.710230e-04
1.793974e+05,0.000000e+00,1.599555e-03
1.783705e+05,0.000000e+00,1.626634e-03
4.401805e+05,7.723702e-08,1.555090e-03
3.446755e+04,0.000000e+00,6.045592e-04
5.857628e+05,0.000000e+00,1.086914e-03
2.535344e+05,0.000000e+00,1.677872e-03
5.696576e+05,8.786523e-08,8.641545e-04
5.892084e+05,0.000000e+00,1.132284e-03
5.462652e+05,8.604228e-08,5.314832e-04
5.931288e+05,0.000000e+00,1.182846e-03
3.012064e+05,0.000000e+00,2.677049e-05
9.514882e+05,0.000000e+00,8.278266e-04
1.611513e+05,0.000000e+00,1.665670e-03
6.948835e+05,9.704343e-08,1.716698e-03
7.179169e+05,9.863868e-08,1.597256e-03
6.959583e+05,0.000000e+00,1.712975e-03
5.208600e+05,0.000000e+00,3.026317e-04
7.630997e+04,0.000000e+00,4.502242e-06
2.530110e+05,0.000000e+00,1.679653e-03
1.434655e+05,0.000000e+00,9.234259e-04
5.854029e+05,8.907125e-08,1.082216e-03
2.414140e+05,1.143988e-07,1.275889e-03
2.481952e+05,0.000000e+00,1.709757e-03
4.210352e+05,0.000000e+00,1.598852e-03
2.856930e+05,6.222430e-08,3.254330e-04
6.005040e+05,0.000000e+00,1.273714e-03
5.731826e+05,0.000000e+00,9.139773e-04
4.839680e+05,8.098759e-08,9.759814e-04
9.034639e+05,0.000000e+00,5.455222e-05
3.894918e+05,0.000000e+00,1.337341e-03
4.251479e+05,0.000000e+00,1.602391e-03
8.286130e+04,0.000000e+00,2.218421e-04
5.678624e+05,8.772668e-08,8.385793e-04
8.653284e+05,0.000000e+00,5.057286e-05
1.173289e+05,0.000000e+00,1.226269e-03
1.536252e+05,0.000000e+00,1.428554e-03
1.188628e+05,0.000000e+00,1.126214e-03
6.869864e+05,0.000000e+00,1.737793e-03
7.428336e+05,0.000000e+00,1.383831e-03
6.651281e+05,0.000000e+00,1.740210e-03
2.801151e+05,0.000000e+00,5.341922e-04
4.404000e+04,0.000000e+00,1.676231e-03
6.166163e+05,0.000000e+00,1.449843e-03
4.412664e+05,7.733224e-08,1.548037e-03
7.389236e+05,0.000000e+00,1.422315e-03
3.345332e+05,6.733328e-08,2.751238e-04
1.372247e+05,8.624945e-08,5.682114e-04
2.597836e+05,0.000000e+00,1.680743e-03
4.108432e+05,7.461878e-08,1.559085e-03
3.902358e+05,0.000000e+00,1.347999e-03
4.032491e+05,0.000000e+00,1.500918e-03
9.962460e+05,1.161966e-07,1.702397e-03
6.316498e+05,0.000000e+00,1.581213e-03
6.514443e+05,0.000000e+00,1.698631e-03
4.172812e+05,7.520116e-08,1.589377e-03
9.173428e+05,0.000000e+00,1.746094e-04
2.519483e+05,0.000000e+00,1.683952e-03
9.904639e+05,0.000000e+00,1.715291e-03
4.013107e+05,0.000000e+00,1.482262e-03
1.554122e+05,9.178732e-08,1.497602e-03
3.799557e+05,0.000000e+00,1.185101e-03
8.264586e+05,0.000000e+00,3.793051e-04
2.382735e+05,0.000000e+00,8.729628e-04
9.478181e+05,0.000000e+00,7.300052e-04
6.917870e+05,0.000000e+00,1.726231e-03
3.556023e+05,6.942125e-08,7.008769e-04
1.014432e+05,0.000000e+00,1.522961e-03
8.106499e+05,0.000000e+00,5.654813e-04
4.258874e+04,0.000000e+00,1.746402e-03
8.442768e+05,0.000000e+00,1.992808e-04
4.757779e+05,0.000000e+00,1.120658e-03
3.227039e+05,6.613209e-08,9.509794e-05
8.883168e+05,0.000000e+00,1.865276e-06
9.239416e+04,7.077215e-08,9.908809e-04
7.639702e+05,0.000000e+00,1.150524e-03
6.272404e+05,0.000000e+00,1.546273e-03
4.269273e+05,7.606539e-08,1.601709e-03
9.011950e+05,0.000000e+00,4.166399e-05
8.870239e+05,1.096422e-07,6.578533e-07
8.377705e+05,0.000000e+00,2.604197e-04
2.914308e+05,6.284603e-08,1.708155e-04
2.902730e+05,0.000000e+00,1.974459e-04
8.340165e+05,0.000000e+00,2.982156e-04
9.230805e+05,0.000000e+00,2.467376e-04
9.417173e+05,0.000000e+00,5.830480e-04
2.512977e+05,0.000000e+00,1.687262e-03
8.404232e+05,1.067233e-07,2.347912e-04
1.936656e+05,0.000000e+00,1.020427e-03
2.417616e+05,1.144811e-07,1.326149e-03
2.417340e+05,0.000000e+00,1.322181e-03
3.490778e+05,0.000000e+00,5.624946e-04
6.217172e+05,0.000000e+00,1.498235e-03
6.819259e+04,6.080072e-08,9.100044e-04
5.873512e+05,0.000000e+00,1.108015e-03
5.695353e+05,0.000000e+00,8.623048e-04
7.599796e+05,0.000000e+00,1.197447e-03
9.429536e+05,1.130460e-07,6.114659e-04
6.709786e+05,0.000000e+00,1.747751e-03
5.706295e+05,0.000000e+00,8.779066e-04
9.855424e+05,0.000000e+00,1.728013e-03
5.152554e+05,0.000000e+00,3.955104e-04
4.640733e+04,0.000000e+00,1.386947e-03
3.082462e+05,0.000000e+00,6.463370e-08
4.035722e+05,0.000000e+00,1.503886e-03
1.388015e+05,0.000000e+00,6.575161e-04
7.221646e+04,6.256886e-08,2.327562e-04
3.081254e+04,0.000000e+00,8.075080e-04
5.657288e+05,8.756172e-08,8.081071e-04
9.734114e+05,0.000000e+00,1.571477e-03
9.178364e+05,0.000000e+00,1.802329e-04
4.034994e+05,0.000000e+00,1.503233e-03
2.648422e+05,5.991060e-08,1.464635e-03
2.081095e+05,0.000000e+00,3.147152e-04
2.375159e+05,0.000000e+00,7.889668e-04
1.879227e+05,0.000000e+00,1.290721e-03
1.498268e+05,0.000000e+00,1.259377e-03
4.888136e+05,8.139201e-08,8.864404e-04
2.834592e+04,0.000000e+00,1.438873e-03
3.434923e+05,6.822894e-08,4.470361e-04
7.305752e+05,9.950447e-08,1.498637e-03
2.700799e+05,6.050012e-08,1.079746e-03
6.925701e+05,0.000000e+00,1.723914e-03
3.522925e+05,6.909742e-08,6.305140e-04
3.382724e+05,6.770854e-08,3.441625e-04
2.799214e+05,0.000000e+00,5.425688e-04
9.218278e+05,0.000000e+00,2.298043e-04
9.825206e+04,0.000000e+00,1.385986e-03
2.228750e+05,0.000000e+00,6.705029e-06
5.928063e+05,0.000000e+00,1.178760e-03
6.688816e+05,0.000000e+00,1.745684e-03
2.084174e+05,0.000000e+00,3.017675e-04
1.080617e+05,7.653782e-08,1.591604e-03
7.152889e+05,0.000000e+00,1.615006e-03
5.166636e+05,0.000000e+00,3.715327e-04
5.116339e+05,8.327024e-08,4.589856e-04
8.540903e+05,0.000000e+00,1.197450e-04
5.888800e+05,0.000000e+00,1.128127e-03
5.424464e+05,0.000000e+00,4.789493e-04
4.198192e+05,0.000000e+00,1.596466e-03
5.622914e+05,0.000000e+00,7.588580e-04
4.602829e+05,0.000000e+00,1.356814e-03
8.233186e+05,0.000000e+00,4.148155e-04
8.271336e+05,0.000000e+00,3.718369e-04
6.683924e+05,0.000000e+00,1.745141e-03
6.083446e+04,0.000000e+00,1.569131e-03
1.505631e+04,0.000000e+00,1.203910e-03
8.182191e+05,0.000000e+00,4.741840e-04
5.496481e+05,0.000000e+00,5.786971e-04
4.340223e+04,0.000000e+00,1.718182e-03
1.617115e+05,0.000000e+00,1.677364e-03
2.802233e+05,0.000000e+00,5.296118e-04
3.134821e+05,0.000000e+00,1.401377e-05
8.542817e+05,0.000000e+00,1.183596e-04
6.325159e+05,0.000000e+00,1.587759e-03
6.517546e+05,0.000000e+00,1.699976e-03
1.342031e+05,8.529456e-08,4.037844e-04
5.543436e+05,0.000000e+00,6.452173e-04
7.500066e+05,0.000000e+00,1.308934e-03
3.570781e+05,6.956515e-08,7.321732e-04
1.471500e+05,0.000000e+00,1.124376e-03
4.188882e+05,0.000000e+00,1.594242e-03
5.654954e+05,0.000000e+00,8.047013e-04
2.552117e+05,0.000000e+00,1.674474e-03
1.341770e+05,0.000000e+00,4.023807e-04
8.215898e+04,0.000000e+00,1.767200e-04
7.668457e+05,0.000000e+00,1.116191e-03
9.882674e+05,1.157304e-07,1.720795e-03
6.710390e+05,0.000000e+00,1.747830e-03
3.092921e+05,0.000000e+00,7.121758e-07
4.080865e+05,0.000000e+00,1.540757e-03
2.333304e+05,0.000000e+00,4.114049e-04
7.695751e+05,0.000000e+00,1.083147e-03
2.314051e+05,1.120022e-07,2.831416e-04
6.046405e+04,1.145035e-07,1.340149e-03
4.379674e+05,0.000000e+00,1.567740e-03
2.922395e+05,6.293318e-08,1.534311e-04
7.552036e+04,0.000000e+00,2.021898e-05
2.561866e+05,0.000000e+00,1.673898e-03
8.418876e+05,0.000000e+00,2.211096e-04
1.189226e+05,8.029200e-08,1.122161e-03
4.178981e+05,0.000000e+00,1.591304e-03
1.221110e+05,8.136123e-08,8.933463e-04
4.324047e+05,7.655179e-08,1.591129e-03
2.721798e+05,0.000000e+00,9.457633e-04
7.546268e+05,0.000000e+00,1.258350e-03
8.415926e+04,6.754467e-08,3.134073e-04
4.063828e+05,0.000000e+00,1.527815e-03
3.089705e+05,6.470959e-08,3.882575e-07
8.341659e+05,0.000000e+00,2.967537e-04
7.634609e+05,0.000000e+00,1.156549e-03
4.561205e+05,0.000000e+00,1.409082e-03
2.530540e+05,0.000000e+00,1.679445e-03
3.289563e+05,0.000000e+00,1.816803e-04
7.113322e+05,0.000000e+00,1.639792e-03
3.872311e+05,0.000000e+00,1.303970e-03
4.111153e+05,0.000000e+00,1.560721e-03
4.781779e+05,0.000000e+00,1.079366e-03
3.754984e+05,7.133688e-08,1.104794e-03
8.215427e+04,0.000000e+00,1.765147e-04
7.874701e+05,0.000000e+00,8.587859e-04
7.835849e+05,0.000000e+00,9.082935e-04
3.154847e+05,0.000000e+00,2.602450e-05
5.570451e+05,0.000000e+00,6.837146e-04
1.498998e+04,0.000000e+00,1.062714e-03
3.759488e+05,7.137966e-08,1.113237e-03
9.950126e+05,0.000000e+00,1.705058e-03
3.072295e+05,0.000000e+00,3.871621e-07
4.514691e+05,7.822114e-08,1.460936e-03
2.511992e+05,0.000000e+00,1.687981e-03
1.491172e+05,0.000000e+00,1.224653e-03
5.703917e+05,0.000000e+00,8.744706e-04
6.690972e+05,9.522584e-08,1.745966e-03
2.712282e+05,0.000000e+00,1.005040e-03
2.796389e+03,0.000000e+00,1.611236e-03
9.412769e+05,0.000000e+00,5.731983e-04
2.585500e+04,0.000000e+00,1.574641e-03
8.695565e+04,6.865766e-08,5.362164e-04
3.476598e+05,0.000000e+00,5.327961e-04
3.348255e+05,6.736269e-08,2.802961e-04
9.211216e+05,0.000000e+00,2.205544e-04
1.111207e+05,0.000000e+00,1.524796e-03
7.909459e+05,1.035341e-07,8.143994e-04
1.741756e+05,0.000000e+00,1.710295e-03
4.400770e+05,0.000000e+00,1.555680e-03
5.022782e+05,8.250539e-08,6.314138e-04
5.614066e+05,8.722659e-08,7.462235e-04
8.511923e+05,1.074049e-07,1.414522e-04
9.804562e+05,0.000000e+00,1.743145e-03
9.369050e+05,0.000000e+00,4.804798e-04
9.333466e+05,0.000000e+00,4.118603e-04
7.679262e+05,0.000000e+00,1.103103e-03
7.204899e+05,9.881528e-08,1.578969e-03
2.488312e+05,0.000000e+00,1.704397e-03
3.249713e+05,6.636402e-08,1.239016e-04
7.354799e+05,0.000000e+00,1.454738e-03
6.247800e+05,0.000000e+00,1.525478e-03
3.199839e+05,0.000000e+00,6.466745e-05
4.270941e+04,9.623475e-08,1.744062e-03
7.624912e+04,0.000000e+00,5.271952e-06
5.711831e+05,0.000000e+00,8.857229e-04
1.918266e+05,0.000000e+00,1.110612e-03
6.466408e+05,0.000000e+00,1.676256e-03
2.402803e+05,0.000000e+00,1.119956e-03
4.630548e+05,0.000000e+00,1.319066e-03
6.494372e+05,0.000000e+00,1.689727e-03
1.815573e+05,9.920807e-08,1.534848e-03
4.889098e+05,0.000000e+00,8.846553e-04
7.363929e+05,0.000000e+00,1.446250e-03
5.292171e+05,0.000000e+00,3.077599e-04
8.237352e+05,0.000000e+00,4.100602e-04
6.575144e+05,0.000000e+00,1.721064e-03
6.403378e+05,0.000000e+00,1.640864e-03
6.146812e+05,0.000000e+00,1.430498e-03
8.316899e+05,0.000000e+00,3.225363e-04
8.041478e+04,6.602495e-08,8.279528e-05
1.169594e+05,0.000000e+00,1.249022e-03
3.930966e+05,7.298939e-08,1.387091e-03
9.316071e+05,0.000000e+00,3.804639e-04
9.741558e+04,7.266986e-08,1.339814e-03
3.300016e+05,0.000000e+00,1.982195e-04
8.649536e+05,1.082696e-07,5.240249e-05
8.653418e+05,0.000000e+00,5.057325e-05
5.049149e+04,0.000000e+00,5.999802e-04
1.137849e+05,0.000000e+00,1.420604e-03
1.903131e+05,0.000000e+00,1.182604e-03
7.859713e+05,0.000000e+00,8.778875e-04
7.385649e+05,0.000000e+00,1.425771e-03
5.102971e+05,0.000000e+00,4.830013e-04
8.286808e+05,0.000000e+00,3.548046e-04
8.148140e+05,1.050847e-07,5.147047e-04
8.148012e+04,6.646086e-08,1.369094e-04
2.050736e+04,6.668451e-08,1.689119e-04
4.614548e+05,7.908147e-08,1.341064e-03
3.217604e+05,0.000000e+00,8.393092e-05
4.835621e+05,0.000000e+00,9.834246e-04
1.108920e+05,0.000000e+00,1.531755e-03
5.033177e+05,8.259072e-08,6.118321e-04
9.724719e+05,0.000000e+00,1.533752e-03
8.472849e+05,0.000000e+00,1.732746e-04
3.253480e+04,0.000000e+00,3.075832e-04
7.962071e+05,1.038779e-07,7.470899e-04
5.047992e+05,0.000000e+00,5.841135e-04
6.728726e+05,0.000000e+00,1.748879e-03
4.108883e+05,0.000000e+00,1.559320e-03
3.364892e+05,6.752984e-08,3.107048e-04
7.532874e+05,0.000000e+00,1.273197e-03
5.278478e+05,0.000000e+00,2.913760e-04
7.295858e+05,0.000000e+00,1.507068e-03
6.848944e+05,0.000000e+00,1.741600e-03
6.252633e+05,9.205378e-08,1.529566e-03
5.958741e+04,0.000000e+00,8.816276e-04
5.498480e+05,8.632399e-08,5.814784e-04
4.906052e+05,8.154102e-08,8.528376e-04
1.100789e+05,0.000000e+00,1.554247e-03
6.636329e+05,9.483619e-08,1.737304e-03
6.809182e+05,9.606332e-08,1.746912e-03
8.960502e+05,0.000000e+00,1.917457e-05
4.021978e+05,0.000000e+00,1.490987e-03
1.912153e+05,0.000000e+00,1.139894e-03
7.247310e+05,0.000000e+00,1.546841e-03
2.170118e+05,0.000000e+00,3.785361e-05
2.726954e+05,6.079237e-08,9.144996e-04
7.452384e+05,0.000000e+00,1.359237e-03
6.784666e+05,0.000000e+00,1.748654e-03
5.944559e+05,0.000000e+00,1.199697e-03
2.288005e+05,0.000000e+00,1.511292e-04
7.893587e+05,1.034302e-07,8.346816e-04
9.777358e+04,7.280327e-08,1.360111e-03
2.012724e+05,0.000000e+00,6.345685e-04
6.366435e+05,0.000000e+00,1.617082e-03
1.303084e+05,0.000000e+00,2.967728e-04
9.974795e+05,0.000000e+00,1.700078e-03
1.414428e+05,0.000000e+00,8.085752e-04
8.031810e+05,0.000000e+00,6.586469e-04
4.083678e+05,7.439366e-08,1.542701e-03
4.779320e+05,0.000000e+00,1.083757e-03
5.564683e+05,0.000000e+00,6.754579e-04
9.362156e+05,0.000000e+00,4.666733e-04
2.075178e+05,0.000000e+00,3.397229e-04
2.413628e+05,1.143866e-07,1.268662e-03
5.614790e+05,0.000000e+00,7.472311e-04
2.671052e+05,6.016603e-08,1.289117e-03
7.912108e+05,0.000000e+00,8.109115e-04
5.208409e+04,0.000000e+00,3.052159e-04
3.771841e+05,0.000000e+00,1.135727e-03
4.548437e+05,0.000000e+00,1.423989e-03
7.330024e+05,0.000000e+00,1.477204e-03
2.732344e+05,6.085241e-08,8.826643e-04
8.570416e+05,0.000000e+00,9.915142e-05
9.242177e+05,0.000000e+00,2.626699e-04
9.979654e+05,0.000000e+00,1.699097e-03
7.405336e+04,0.000000e+00,8.306446e-05
1.969132e+05,0.000000e+00,8.564059e-04
7.432038e+05,0.000000e+00,1.380061e-03
7.525199e+05,0.000000e+00,1.281738e-03
7.913690e+05,0.000000e+00,8.090248e-04
9.720044e+05,0.000000e+00,1.515134e-03
5.418786e+05,8.569612e-08,4.713286e-04
8.891426e+05,0.000000e+00,2.854100e-06
1.732767e+05,0.000000e+00,1.722353e-03
1.785222e+05,0.000000e+00,1.622701e-03
1.945099e+04,6.494430e-08,4.805878e-06
1.707562e+05,0.000000e+00,1.744417e-03
3.199649e+05,0.000000e+00,6.440212e-05
8.226319e+05,0.000000e+00,4.226672e-04
5.791241e+05,0.000000e+00,9.967519e-04
7.978969e+05,0.000000e+00,7.255248e-04
3.791003e+05,0.000000e+00,1.170147e-03
5.153397e+05,0.000000e+00,3.940385e-04
5.414739e+03,6.853129e-08,5.095301e-04
6.204631e+05,0.000000e+00,1.486636e-03
7.681864e+04,6.453175e-08,3.871905e-07
2.725200e+05,6.077281e-08,9.250837e-04
4.116738e+05,0.000000e+00,1.563947e-03
1.289027e+05,0.000000e+00,3.893773e-04
6.497041e+05,9.383567e-08,1.690919e-03
8.665176e+05,0.000000e+00,4.486412e-05
8.619051e+05,0.000000e+00,6.895417e-05
9.229384e+05,0.000000e+00,2.448174e-04
7.235591e+05,0.000000e+00,1.555988e-03
7.861228e+05,0.000000e+00,8.760110e-04
9.209039e+05,0.000000e+00,2.178472e-04
7.976125e+05,0.000000e+00,7.292423e-04
9.830359e+05,0.000000e+00,1.735279e-03
6.641077e+05,0.000000e+00,1.738210e-03
5.501324e+05,8.634631e-08,5.855143e-04
7.744049e+05,0.000000e+00,1.023639e-03
6.361121e+05,0.000000e+00,1.613436e-03
9.201111e+04,7.062530e-08,9.602921e-04
6.635476e+05,0.000000e+00,1.737098e-03
8.093888e+05,0.000000e+00,5.810656e-04
2.705332e+05,0.000000e+00,1.049892e-03
6.829986e+05,0.000000e+00,1.744575e-03
9.801450e+05,1.152538e-07,1.744251e-03
5.904982e+05,0.000000e+00,1.149178e-03
5.056305e+05,0.000000e+00,5.686176e-04
5.592691e+05,8.706037e-08,7.155492e-04
3.883951e+05,0.000000e+00,1.321310e-03
8.847308e+05,0.000000e+00,0.000000e+00
7.460873e+04,6.359675e-08,5.386645e-05
3.938098e+05,0.000000e+00,1.396311e-03
5.051938e+05,8.274450e-08,5.768119e-04
1.514274e+05,0.000000e+00,1.334219e-03
6.663298e+05,0.000000e+00,1.742161e-03
9.168677e+05,0.000000e+00,1.691021e-04
2.803301e+05,0.000000e+00,5.249666e-04
3.160339e+05,0.000000e+00,2.984295e-05
7.833852e+05,0.000000e+00,9.107537e-04
1.422352e+05,8.780994e-08,8.538638e-04
2.389724e+05,0.000000e+00,9.548259e-04
5.069443e+05,0.000000e+00,5.442409e-04
9.283579e+05,1.121677e-07,3.256229e-04
1.598762e+05,0.000000e+00,1.635701e-03
3.045568e+05,0.000000e+00,6.938540e-06
9.113939e+05,0.000000e+00,1.140277e-04
8.239839e+05,0.000000e+00,4.071632e-04
8.546893e+05,0.000000e+00,1.154819e-04
6.857988e+05,0.000000e+00,1.740146e-03
4.600960e+05,7.896494e-08,1.359303e-03
9.467004e+05,0.000000e+00,7.017101e-04
3.493464e+05,6.880789e-08,5.682156e-04
2.694847e+05,0.000000e+00,1.119771e-03
2.172337e+05,0.000000e+00,3.407481e-05
3.234496e+04,0.000000e+00,3.571006e-04
2.496297e+05,0.000000e+00,1.698055e-03
8.077319e+05,1.046270e-07,6.016052e-04
5.379755e+05,0.000000e+00,4.189937e-04
8.088988e+05,1.047025e-07,5.871718e-04
1.961270e+05,0.000000e+00,8.964550e-04
4.227063e+05,7.568843e-08,1.601189e-03
8.835074e+05,0.000000e+00,2.188493e-07
5.899369e+05,0.000000e+00,1.141926e-03
9.279001e+05,0.000000e+00,3.182535e-04
3.493482e+04,8.703609e-08,7.110848e-04
2.562667e+05,0.000000e+00,1.673806e-03
8.447678e+05,0.000000e+00,1.949518e-04
3.152649e+05,0.000000e+00,2.451203e-05
5.723006e+05,0.000000e+00,9.014726e-04
6.281531e+05,0.000000e+00,1.553764e-03
4.575001e+05,0.000000e+00,1.392392e-03
8.112730e+05,1.048561e-07,5.579392e-04
1.350975e+05,0.000000e+00,4.511689e-04
3.858580e+05,0.000000e+00,1.282710e-03
9.711492e+05,0.000000e+00,1.481427e-03
4.396543e+05,7.719085e-08,1.558174e-03
2.972519e+05,6.347059e-08,6.854823e-05
7.951331e+05,0.000000e+00,7.608075e-04
2.943437e+05,6.315933e-08,1.133078e-04
9.830508e+05,0.000000e+00,1.735292e-03
2.552291e+05,0.000000e+00,1.674414e-03
2.410441e+05,0.000000e+00,1.223700e-03
3.323972e+05,6.711797e-08,2.378661e-04
5.247138e+05,8.432792e-08,2.548390e-04
4.582778e+05,7.880877e-08,1.382621e-03
3.647421e+05,0.000000e+00,8.929786e-04
7.743435e+05,0.000000e+00,1.024417e-03
2.660097e+05,6.004251e-08,1.372272e-03
9.027176e+05,0.000000e+00,5.010537e-05
5.832422e+05,0.000000e+00,1.053100e-03
4.621367e+05,0.000000e+00,1.331766e-03
3.254239e+05,0.000000e+00,1.300976e-04
4.667496e+05,0.000000e+00,1.265463e-03
5.207356e+04,0.000000e+00,3.069915e-04
2.533240e+05,0.000000e+00,1.678582e-03
5.016845e+05,8.245662e-08,6.425844e-04
3.083402e+05,0.000000e+00,6.464356e-08
9.809183e+04,7.292167e-08,1.377417e-03
8.169494e+05,0.000000e+00,4.890732e-04
8.806409e+05,1.092470e-07,2.512681e-06
7.262449e+05,0.000000e+00,1.534765e-03
2.744494e+05,6.098757e-08,8.131473e-04
6.919138e+05,9.683584e-08,1.725905e-03
8.613424e+05,0.000000e+00,7.217296e-05
6.603074e+05,0.000000e+00,1.729256e-03
6.630630e+05,0.000000e+00,1.735989e-03
3.009967e+05,6.386914e-08,2.842177e-05
9.575594e+05,1.139182e-07,1.005897e-03
4.581961e+05,0.000000e+00,1.383601e-03
5.953404e+05,8.982409e-08,1.210649e-03
9.406102e+05,0.000000e+00,5.584304e-04
7.134252e+05,0.000000e+00,1.626962e-03
8.363845e+05,0.000000e+00,2.741513e-04
2.730074e+05,0.000000e+00,8.959228e-04
2.381390e+05,0.000000e+00,8.577187e-04
2.946623e+05,6.319350e-08,1.076817e-04
6.377495e+05,9.296836e-08,1.624529e-03
1.248252e+04,0.000000e+00,7.130698e-04
5.606720e+05,0.000000e+00,7.356234e-04
5.404671e+05,0.000000e+00,4.522282e-04
5.957247e+05,0.000000e+00,1.215532e-03
2.280868e+04,0.000000e+00,8.970170e-04
8.658910e+05,0.000000e+00,4.788109e-05
6.247437e+04,1.163915e-07,1.696056e-03
7.488225e+04,0.000000e+00,4.198702e-05
1.192150e+05,8.039066e-08,1.102236e-03
5.641589e+05,0.000000e+00,7.855622e-04
3.832225e+05,0.000000e+00,1.240415e-03
2.173068e+05,0.000000e+00,3.288664e-05
3.811082e+05,0.000000e+00,1.204935e-03
2.638633e+05,0.000000e+00,1.544868e-03
9.435518e+05,0.000000e+00,6.252297e-04
6.555576e+05,9.425742e-08,1.714637e-03
9.557771e+05,1.138121e-07,9.514692e-04
8.048941e+05,0.000000e+00,6.371026e-04
3.158651e+05,0.000000e+00,2.865729e-05
6.188401e+05,0.000000e+00,1.471320e-03
1.058909e+05,0.000000e+00,1.601827e-03
2.734245e+05,6.087359e-08,8.714663e-04
7.703623e+04,6.462308e-08,0.000000e+00
7.012312e+05,0.000000e+00,1.692156e-03
2.140347e+05,0.000000e+00,1.052390e-04
7.904615e+05,0.000000e+00,8.204637e-04
5.376158e+05,0.000000e+00,4.142442e-04
4.870421e+05,8.124439e-08,9.193615e-04
2.860051e+04,0.000000e+00,1.390982e-03
8.322781e+05,1.062049e-07,3.162781e-04
1.247916e+05,8.224940e-08,6.903192e-04
4.108303e+04,0.000000e+00,1.720538e-03
3.929500e+05,0.000000e+00,1.385153e-03
6.652587e+05,9.495229e-08,1.740381e-03
6.368078e+05,9.289970e-08,1.618127e-03
4.157587e+05,7.506385e-08,1.583772e-03
5.311497e+05,0.000000e+00,3.315684e-04
6.992821e+05,0.000000e+00,1.700317e-03
4.906410e+05,0.000000e+00,8.520533e-04
6.503646e+05,0.000000e+00,1.693844e-03
2.634409e+05,5.975191e-08,1.580498e-03
8.738634e+05,0.000000e+00,1.654152e-05
8.676715e+05,1.084396e-07,3.958044e-05
6.445491e+05,9.346266e-08,1.665318e-03
1.377268e+05,0.000000e+00,5.964681e-04
8.112232e+05,0.000000e+00,5.584464e-04
3.001068e+05,0.000000e+00,3.635155e-05
9.350391e+04,7.119591e-08,1.077052e-03
6.161174e+05,9.137804e-08,1.444870e-03
6.159719e+05,0.000000e+00,1.443420e-03
7.123440e+05,0.000000e+00,1.633589e-03
7.220082e+05,0.000000e+00,1.567773e-03
8.893964e+05,0.000000e+00,3.074085e-06
7.893802e+05,1.034316e-07,8.343827e-04
4.232395e+05,0.000000e+00,1.601592e-03
1.034311e+05,7.487998e-08,1.574876e-03
5.798418e+05,0.000000e+00,1.006677e-03
9.608552e+05,0.000000e+00,1.111243e-03
5.904732e+05,0.000000e+00,1.148796e-03
6.084422e+05,0.000000e+00,1.364649e-03
7.931333e+05,0.000000e+00,7.863915e-04
7.152648e+05,0.000000e+00,1.615176e-03
6.495252e+05,0.000000e+00,1.690123e-03
1.860834e+05,0.000000e+00,1.368555e-03
3.805234e+05,7.181263e-08,1.194962e-03
2.863330e+05,6.229395e-08,3.051781e-04
6.018421e+05,0.000000e+00,1.289583e-03
9.116731e+05,0.000000e+00,1.166018e-04
9.856151e+05,0.000000e+00,1.727961e-03
9.248305e+04,0.000000e+00,9.978716e-04
5.620378e+05,0.000000e+00,7.551959e-04
2.490561e+05,0.000000e+00,1.702378e-03
9.663465e+05,0.000000e+00,1.300721e-03
4.297093e+05,0.000000e+00,1.597914e-03
8.936052e+05,0.000000e+00,1.166511e-05
1.040733e+05,0.000000e+00,1.585916e-03
2.409325e+05,0.000000e+00,1.208217e-03
1.937120e+05,0.000000e+00,1.018193e-03
1.975772e+05,0.000000e+00,8.224543e-04
8.570499e+05,0.000000e+00,9.904412e-05
8.096839e+05,0.000000e+00,5.774005e-04
9.099212e+05,0.000000e+00,1.011650e-04
5.790581e+05,0.000000e+00,9.958979e-04
6.990804e+05,0.000000e+00,1.701142e-03
6.993015e+05,0.000000e+00,1.700340e-03
2.297587e+03,0.000000e+00,1.118977e-03
8.025115e+05,0.000000e+00,6.671326e-04
2.791432e+05,6.150687e-08,5.769960e-04
9.631528e+05,0.000000e+00,1.188318e-03
3.929847e+05,7.297901e-08,1.385579e-03
8.875854e+05,0.000000e+00,1.206446e-06
7.562862e+05,0.000000e+00,1.239687e-03
1.082495e+05,0.000000e+00,1.589309e-03
5.371106e+05,0.000000e+00,4.076507e-04
9.423695e+05,0.000000e+00,5.978282e-04
4.887729e+05,0.000000e+00,8.871360e-04
8.234436e+05,0.000000e+00,4.133681e-04
5.442116e+05,8.588039e-08,5.030874e-04
4.004460e+05,0.000000e+00,1.473445e-03
8.090588e+05,0.000000e+00,5.851357e-04
6.366947e+05,0.000000e+00,1.617426e-03
9.624838e+05,1.142107e-07,1.165634e-03
5.811480e+04,0.000000e+00,3.500174e-04
6.030412e+05,0.000000e+00,1.303614e-03
3.921931e+05,0.000000e+00,1.375070e-03
9.517200e+05,1.135703e-07,8.344009e-04
7.071145e+05,0.000000e+00,1.663606e-03
6.331256e+05,9.263074e-08,1.592230e-03
1.454320e+05,8.879124e-08,1.032553e-03
9.046917e+05,0.000000e+00,6.211884e-05
4.901755e+05,0.000000e+00,8.608591e-04
9.551159e+05,0.000000e+00,9.316849e-04
8.146129e+05,0.000000e+00,5.172680e-04
6.923355e+04,6.126303e-08,6.820413e-04
6.541962e+05,0.000000e+00,1.709654e-03
